{
	"display": {
		"icon": {
			"id": "minecraft:player_head",
			"components": {
				"minecraft:profile": {
					"properties": [
						{
							"name": "textures",
							"value": "eyJ0ZXh0dXJlcyI6eyJTS0lOIjp7InVybCI6Imh0dHA6Ly90ZXh0dXJlcy5taW5lY3JhZnQubmV0L3RleHR1cmUvNDJlYzkzYWMwYTM4ZTliMDNjNjNhNzcwMzYzNGU4ZmU3MDBjMWVlMTgyMGRmNTlmNzdhNWIxMTc3YWI5ZTg3YSJ9fX0="
						}
					]
				}
			}
		},
		"title": "NoKilling's Datapack's",
		"frame": "challenge",
		"description": [
			"",
			{
				"text": "All of your downloaded NoKilling datapacks\n",
				"color": "gold"
			},
			{
				"text": "modrinth.com/user/nokilling",
				"color": "yellow"
			}
		],
		"background": "minecraft:block/stone_bricks",
		"show_toast": false,
		"announce_to_chat": false
	},
	"criteria": {
		"tick": {
			"trigger": "minecraft:tick"
		}
	}
}