{
  "condition": "minecraft:entity_scores",
  "entity": "this",
  "scores": {
    "chakram_bounced_id": {
      "min": {
        "type": "minecraft:score",
        "target": {
          "type": "minecraft:fixed",
          "name": "$chakram_temp"
        },
        "score": "chakram_bounced_id"
      },
      "max": {
        "type": "minecraft:score",
        "target": {
          "type": "minecraft:fixed",
          "name": "$chakram_temp"
        },
        "score": "chakram_bounced_id"
      }
    }
  }
}