{
    "processors": [
        {
            "processor_type": "minecraft:rule",
            "rules": [
                {
                    "location_predicate": {
                        "predicate_type": "minecraft:always_true"
                    },
                    "input_predicate": {
                        "predicate_type": "minecraft:random_block_match",
                        "block": "minecraft:diamond_ore",
                        "probability": 0.5
                    },
                    "output_state": {
                        "Name": "minecraft:stone"
                    }
                },
                {
                    "location_predicate": {
                        "predicate_type": "minecraft:always_true"
                    },
                    "input_predicate": {
                        "predicate_type": "minecraft:random_block_match",
                        "block": "minecraft:iron_chain",
                        "probability": 0.5
                    },
                    "output_state": {
                        "Name": "minecraft:air"
                    }
                },
                {
					"location_predicate": {
						"predicate_type": "minecraft:always_true"
					},
					"input_predicate": {
						"predicate_type": "minecraft:random_block_match",
						"block": "minecraft:mangrove_planks",
						"probability": 0.3
					},
					"output_state": {
						"Name": "minecraft:mud_bricks"
					}
				},
				{
					"location_predicate": {
						"predicate_type": "minecraft:always_true"
					},
					"input_predicate": {
						"predicate_type": "minecraft:random_block_match",
						"block": "minecraft:mangrove_planks",
						"probability": 0.5
					},
					"output_state": {
						"Name": "minecraft:packed_mud"
					}
				},
				{
					"location_predicate": {
						"predicate_type": "minecraft:always_true"
					},
					"input_predicate": {
						"predicate_type": "minecraft:random_block_match",
						"block": "minecraft:mangrove_planks",
						"probability": 0.1
					},
					"output_state": {
						"Name": "minecraft:mud"
					}
				}
            ]
        }
    ]
}