{
  "display": {
    "icon": {
      "id": "minecraft:enchanted_book"
    },
    "title": {
      "translate": "chakram:adv_harvesting_title",
      "fallback": "Long-range Reaping"
    },
    "description": {
      "translate": "chakram:adv_harvesting_desc",
      "fallback": "Obtain the Harvesting enchantment"
    },
    "show_toast": true,
    "announce_to_chat": true,
    "hidden": false
  },
  "parent": "chakram:visible/root",
  "criteria": {
    "": {
      "trigger": "minecraft:inventory_changed",
      "conditions": {
        "items": [
          {
            "items": "minecraft:enchanted_book",
            "predicates": {
              "minecraft:stored_enchantments": [
                {
                  "enchantments": "chakram:harvesting",
                  "levels": 1
                }
              ]
            }
          }
        ]
      }
    }
  }
}