{
  "display": {
    "icon": {
      "id": "minecraft:enchanted_book"
    },
    "title": {
      "translate": "chakram:adv_lightweight_title",
      "fallback": "Light as a Feather"
    },
    "description": {
      "translate": "chakram:adv_lightweight_desc",
      "fallback": "Obtain the Lightweight enchantment"
    },
    "show_toast": true,
    "announce_to_chat": true,
    "hidden": false
  },
  "parent": "chakram:visible/root",
  "criteria": {
    "": {
      "trigger": "minecraft:inventory_changed",
      "conditions": {
        "items": [
          {
            "items": "minecraft:enchanted_book",
            "predicates": {
              "minecraft:stored_enchantments": [
                {
                  "enchantments": "chakram:lightweight",
                  "levels": {
                    "min": 1,
                    "max": 3
                  }
                }
              ]
            }
          }
        ]
      }
    }
  }
}