{
    "name": "hopo:oak_mineshaft",
    "fallback": "minecraft:empty",
    "elements": [
      {
        "weight": 80,
        "element": {
          "element_type": "minecraft:single_pool_element",
          "projection": "rigid",
          "location": "hopo:mineshaft/oak/path",
          "override_liquid_settings": "ignore_waterlogging",
          "processors": "hopo:oak/degraded"
        }
      },
      {
        "weight": 90,
        "element": {
          "element_type": "minecraft:single_pool_element",
          "projection": "rigid",
          "location": "hopo:mineshaft/oak/path_alt",
          "override_liquid_settings": "ignore_waterlogging",
          "processors": "hopo:oak/degraded"
        }
      },
      {
        "weight": 94,
        "element": {
            "element_type": "minecraft:single_pool_element",
            "location": "hopo:mineshaft/oak/path_small_1",
            "projection": "rigid",
            "processors": "hopo:oak/degraded"
        }
    },
    {
        "weight": 94,
        "element": {
            "element_type": "minecraft:single_pool_element",
            "location": "hopo:mineshaft/oak/path_small_2",
            "projection": "rigid",
            "processors": "hopo:oak/degraded"
        }
    },
    {
        "weight": 94,
        "element": {
            "element_type": "minecraft:single_pool_element",
            "location": "hopo:mineshaft/oak/path_small_3",
            "projection": "rigid",
            "processors": "hopo:oak/degraded"
        }
    },
    {
        "weight": 94,
        "element": {
            "element_type": "minecraft:single_pool_element",
            "location": "hopo:mineshaft/oak/path_small_4",
            "projection": "rigid",
            "processors": "hopo:oak/degraded"
        }
    },
    {
        "weight": 94,
        "element": {
            "element_type": "minecraft:single_pool_element",
            "location": "hopo:mineshaft/oak/path_small_5",
            "projection": "rigid",
            "processors": "hopo:oak/degraded"
        }
    },
    {
        "weight": 94,
        "element": {
            "element_type": "minecraft:single_pool_element",
            "location": "hopo:mineshaft/oak/path_small_6",
            "projection": "rigid",
            "processors": "hopo:oak/degraded"
        }
    },
    {
        "weight": 94,
        "element": {
            "element_type": "minecraft:single_pool_element",
            "location": "hopo:mineshaft/oak/path_small_7",
            "projection": "rigid",
            "processors": "hopo:oak/degraded"
        }
    },
    {
        "weight": 94,
        "element": {
            "element_type": "minecraft:single_pool_element",
            "location": "hopo:mineshaft/oak/path_small_8",
            "projection": "rigid",
            "processors": "hopo:oak/degraded"
        }
    },
    {
        "weight": 94,
        "element": {
            "element_type": "minecraft:single_pool_element",
            "location": "hopo:mineshaft/oak/path_small_9",
            "projection": "rigid",
            "processors": "hopo:oak/degraded"
        }
    },
      {
        "weight": 94,
        "element": {
          "element_type": "minecraft:single_pool_element",
          "projection": "rigid",
          "location": "hopo:mineshaft/oak/path_1",
          "override_liquid_settings": "ignore_waterlogging",
          "processors": "hopo:oak/degraded"
        }
      },
      {
        "weight": 94,
        "element": {
          "element_type": "minecraft:single_pool_element",
          "projection": "rigid",
          "location": "hopo:mineshaft/oak/path_1_alt",
          "override_liquid_settings": "ignore_waterlogging",
          "processors": "hopo:oak/degraded"
        }
      },
      {
        "weight": 90,
        "element": {
          "element_type": "minecraft:single_pool_element",
          "projection": "rigid",
          "location": "hopo:mineshaft/oak/pathlong_1",
          "override_liquid_settings": "ignore_waterlogging",
          "processors": "hopo:oak/degraded"
        }
      },
      {
        "weight": 90,
        "element": {
          "element_type": "minecraft:single_pool_element",
          "projection": "rigid",
          "location": "hopo:mineshaft/oak/pathlong_2",
          "override_liquid_settings": "ignore_waterlogging",
          "processors": "hopo:oak/degraded"
        }
      },
      {
        "weight": 100,
        "element": {
          "element_type": "minecraft:single_pool_element",
          "projection": "rigid",
          "location": "hopo:mineshaft/oak/pathlong_3",
          "override_liquid_settings": "ignore_waterlogging",
          "processors": "hopo:oak/degraded"
        }
      },
      {
        "weight": 88,
        "element": {
          "element_type": "minecraft:single_pool_element",
          "projection": "rigid",
          "location": "hopo:mineshaft/oak/pathlong_4",
          "override_liquid_settings": "ignore_waterlogging",
          "processors": "hopo:oak/degraded"
        }
      },
      {
        "weight": 75,
        "element": {
          "element_type": "minecraft:single_pool_element",
          "projection": "rigid",
          "location": "hopo:mineshaft/oak/pathlong_5",
          "override_liquid_settings": "ignore_waterlogging",
          "processors": "hopo:oak/degraded"
        }
      },
      {
        "weight": 90,
        "element": {
          "element_type": "minecraft:single_pool_element",
          "projection": "rigid",
          "location": "hopo:mineshaft/oak/pathlong_6",
          "override_liquid_settings": "ignore_waterlogging",
          "processors": "hopo:oak/minecart_degraded"
        }
      },
      {
        "weight": 15,
        "element": {
          "element_type": "minecraft:single_pool_element",
          "projection": "rigid",
          "location": "hopo:mineshaft/oak/trap/trap_1",
          "override_liquid_settings": "ignore_waterlogging",
          "processors": "hopo:oak/degraded"
        }
      },
      {
        "weight": 15,
        "element": {
          "element_type": "minecraft:single_pool_element",
          "projection": "rigid",
          "location": "hopo:mineshaft/oak/trap/trap_2",
          "override_liquid_settings": "ignore_waterlogging",
          "processors": "hopo:oak/degraded"
        }
      },
      {
        "weight": 17,
        "element": {
          "element_type": "minecraft:single_pool_element",
          "projection": "rigid",
          "location": "hopo:mineshaft/oak/trap/trap_3",
          "override_liquid_settings": "ignore_waterlogging",
          "processors": "hopo:oak/degraded"
        }
      },
      {
        "weight": 17,
        "element": {
          "element_type": "minecraft:single_pool_element",
          "projection": "rigid",
          "location": "hopo:mineshaft/oak/trap/trap_4",
          "override_liquid_settings": "ignore_waterlogging",
          "processors": "hopo:oak/degraded"
        }
      },
      {
        "weight": 15,
        "element": {
          "element_type": "minecraft:single_pool_element",
          "projection": "rigid",
          "location": "hopo:mineshaft/oak/trap/trap_5",
          "override_liquid_settings": "ignore_waterlogging",
          "processors": "hopo:oak/degraded"
        }
      },
      {
        "weight": 75,
        "element": {
          "element_type": "minecraft:single_pool_element",
          "projection": "rigid",
          "location": "hopo:mineshaft/oak/entrance",
          "override_liquid_settings": "ignore_waterlogging",
          "processors": "hopo:oak/degraded"
        }
      },
      {
        "weight": 50,
        "element": {
          "element_type": "minecraft:single_pool_element",
          "projection": "rigid",
          "location": "hopo:mineshaft/oak/entrance_alt",
          "override_liquid_settings": "ignore_waterlogging",
          "processors": "hopo:oak/degraded"
        }
      },
      {
        "weight": 45,
        "element": {
          "element_type": "minecraft:single_pool_element",
          "projection": "rigid",
          "location": "hopo:mineshaft/oak/entrance_1",
          "override_liquid_settings": "ignore_waterlogging",
          "processors": "hopo:oak/degradedentrance"
        }
      },
      {
        "weight": 80,
        "element": {
          "element_type": "minecraft:single_pool_element",
          "projection": "rigid",
          "location": "hopo:mineshaft/oak/entrance_1_alt",
          "override_liquid_settings": "ignore_waterlogging",
          "processors": "hopo:oak/degraded"
        }
      },
      {
        "weight": 85,
        "element": {
          "element_type": "minecraft:single_pool_element",
          "projection": "rigid",
          "location": "hopo:mineshaft/oak/turn",
          "override_liquid_settings": "ignore_waterlogging",
          "processors": "hopo:oak/degradeddown"
        }
      },
      {
        "weight": 92,
        "element": {
          "element_type": "minecraft:single_pool_element",
          "projection": "rigid",
          "location": "hopo:mineshaft/oak/turn_1",
          "override_liquid_settings": "ignore_waterlogging",
          "processors": "hopo:oak/degradeddown"
        }
      },
      {
        "weight": 92,
        "element": {
          "element_type": "minecraft:single_pool_element",
          "projection": "rigid",
          "location": "hopo:mineshaft/oak/turn_2",
          "override_liquid_settings": "ignore_waterlogging",
          "processors": "hopo:oak/degradeddown"
        }
      },
      {
        "weight": 22,
        "element": {
          "element_type": "minecraft:single_pool_element",
          "projection": "rigid",
          "location": "hopo:mineshaft/oak/down_1",
          "override_liquid_settings": "ignore_waterlogging",
          "processors": "hopo:oak/degraded"
        }
      },
      {
        "weight": 22,
        "element": {
          "element_type": "minecraft:single_pool_element",
          "projection": "rigid",
          "location": "hopo:mineshaft/oak/down_2",
          "override_liquid_settings": "ignore_waterlogging",
          "processors": "hopo:oak/degradeddown"
        }
      },
      {
        "weight": 25,
        "element": {
          "element_type": "minecraft:single_pool_element",
          "projection": "rigid",
          "location": "hopo:mineshaft/oak/down_3",
          "override_liquid_settings": "ignore_waterlogging",
          "processors": "hopo:oak/degradeddown"
        }
      },
      {
        "weight": 20,
        "element": {
          "element_type": "minecraft:single_pool_element",
          "projection": "rigid",
          "location": "hopo:mineshaft/oak/down_4",
          "override_liquid_settings": "ignore_waterlogging",
          "processors": "hopo:oak/degradeddown"
        }
      },
      {
        "weight": 33,
        "element": {
          "element_type": "minecraft:single_pool_element",
          "projection": "rigid",
          "location": "hopo:mineshaft/oak/down_5",
          "override_liquid_settings": "ignore_waterlogging",
          "processors": "hopo:oak/degradeddown"
        }
      }
    ]
  }
  