{
	"type": "minecraft:chest",
	"pools": [
	  {
		"bonus_rolls": 0,
		"entries": [
		  {
			"type": "minecraft:item",
			"functions": [
			  {
				"add": false,
				"count": {
				  "type": "minecraft:uniform",
				  "max": 6,
				  "min": 2
				},
				"function": "minecraft:set_count"
			  }
			],
			"name": "minecraft:pale_oak_log",
			"weight": 14
		  },
		  {
			"type": "minecraft:item",
			"functions": [
			  {
				"add": false,
				"count": {
				  "type": "minecraft:uniform",
				  "max": 6,
				  "min": 1
				},
				"function": "minecraft:set_count"
			  }
			],
			"name": "minecraft:pale_hanging_moss",
			"weight": 11
		  },
		  {
			"type": "minecraft:item",
			"functions": [
			  {
				"add": false,
				"count": {
				  "type": "minecraft:uniform",
				  "max": 5,
				  "min": 2
				},
				"function": "minecraft:set_count"
			  }
			],
			"name": "minecraft:pale_moss_block",
			"weight": 10
		  },
		  {
			"type": "minecraft:item",
			"name": "minecraft:emerald",
			"weight": 8,
			"functions": [
			  {
				"function": "minecraft:set_count",
				"count": {
				  "type": "minecraft:uniform",
				  "min": 1,
				  "max": 3
				}
			  }
			]
		  }
		],
		"rolls": {
		  "type": "minecraft:uniform",
		  "max": 8,
		  "min": 4
		}
	  },
	  {
		"bonus_rolls": 0,
		"entries": [
		  {
			"type": "minecraft:item",
			"name": "minecraft:map",
			"functions": [
			  {
				"function": "minecraft:exploration_map",
				"destination": "hopo:zmaps/target_pale",
				"decoration": "minecraft:target_point",
				"zoom": 2,
				"skip_existing_chunks": false
			  },
			  {
				"function": "minecraft:set_name",
				"name": {
				  "translate": "Pale Mineshaft Explorer Map"
				},
				"target": "item_name"
			  }
			]
		  }
		],
		"rolls": 1
	  }
	],
	"random_sequence": "hopo:chests/mineshaft/big_rooms/biomes_map/target_pale"
  }