{
    "replace": false,
    "values": [
        "minecraft:savanna",
        {"id": "terralith:cave/andesite_caves", "required": false},
        {"id": "terralith:cave/diorite_caves", "required": false},
        {"id": "terralith:cave/granite_caves", "required": false},
        {"id": "regions_unexplored:ancient_delta", "required": false},
        {"id": "regions_unexplored:arid_mountains", "required": false},
        {"id": "regions_unexplored:baobab_savanna", "required": false},
        {"id": "regions_unexplored:dry_bushland", "required": false},
        {"id": "regions_unexplored:joshua_desert", "required": false},
        {"id": "regions_unexplored:outback", "required": false},
        {"id": "regions_unexplored:saguaro_desert", "required": false},
        {"id": "regions_unexplored:steppe", "required": false},
        {"id": "clifftree:caves", "required": false},   
        {"id": "clifftree:cold_caves", "required": false},
        {"id": "clifftree:frozen_caves", "required": false}
    ]
}