{
	"pools": [
	  {
		"rolls": {
		  "min": 4,
		  "max": 7
		},
		"entries": [
		  {
			"type": "minecraft:item",
			"weight": 4,
			"name": "minecraft:tripwire_hook",
			"functions": [
			  {
				"function": "minecraft:set_count",
				"count": {
				  "min": 1,
				  "max": 5
				},
				"add": false
			  }
			]
		  },
		  {
			"type": "minecraft:item",
			"weight": 6,
			"name": "minecraft:barrel",
			"functions": [
			  {
				"function": "minecraft:set_components",
				"components": {
				  "minecraft:tooltip_display": {
					"hide_tooltip": false,
					"hidden_components": [
					  "minecraft:container_loot"
					]
				  }
				}
			  },
			  {
				"function": "minecraft:set_loot_table",
				"type": "minecraft:chest",
				"name": "hopo:chests/mineshaft/abandoned_miners_stuff"
			  },
			  {
				"function": "minecraft:set_count",
				"count": {
				  "min": 1,
				  "max": 4
				},
				"add": false
			  }
			]
		  },
		  {
			"type": "minecraft:item",
			"weight": 5,
			"name": "minecraft:redstone",
			"functions": [
			  {
				"function": "minecraft:set_count",
				"count": {
				  "min": 4,
				  "max": 10
				},
				"add": false
			  }
			]
		  },
		  {
			"type": "minecraft:item",
			"weight": 5,
			"name": "minecraft:redstone_torch",
			"functions": [
			  {
				"function": "minecraft:set_count",
				"count": {
				  "min": 1,
				  "max": 7
				},
				"add": false
			  }
			]
		  },
		  {
			"type": "minecraft:item",
			"weight": 5,
			"name": "minecraft:cobweb",
			"functions": [
			  {
				"function": "minecraft:set_count",
				"count": {
				  "min": 1,
				  "max": 7
				},
				"add": false
			  }
			]
		  },
		  {
			"type": "minecraft:item",
			"weight": 5,
			"name": "minecraft:lever",
			"functions": [
			  {
				"function": "minecraft:set_count",
				"count": {
				  "min": 2,
				  "max": 5
				},
				"add": false
			  }
			]
		  },
		  {
			"type": "minecraft:item",
			"weight": 2,
			"name": "minecraft:minecart"
		  },
		  {
			"type": "minecraft:item",
			"weight": 2,
			"name": "minecraft:chest_minecart"
		  },
		  {
			"type": "minecraft:item",
			"weight": 2,
			"name": "minecraft:furnace_minecart"
		  },
		  {
			"type": "minecraft:item",
			"weight": 2,
			"name": "minecraft:tnt_minecart"
		  },
		  {
			"type": "minecraft:item",
			"weight": 2,
			"name": "minecraft:hopper_minecart"
		  },
		  {
			"type": "minecraft:item",
			"weight": 6,
			"name": "minecraft:tnt",
			"functions": [
			  {
				"function": "minecraft:set_count",
				"count": {
				  "min": 0,
				  "max": 6
				},
				"add": false
			  }
			]
		  },
		  {
			"type": "minecraft:item",
			"weight": 4,
			"name": "minecraft:iron_ingot",
			"functions": [
			  {
				"function": "minecraft:set_count",
				"count": {
				  "min": 1,
				  "max": 6
				},
				"add": false
			  }
			]
		  },
		  {
			"type": "minecraft:item",
			"weight": 4,
			"name": "minecraft:gold_ingot",
			"functions": [
			  {
				"function": "minecraft:set_count",
				"count": {
				  "min": 1,
				  "max": 6
				},
				"add": false
			  }
			]
		  },
		  {
			"type": "minecraft:item",
			"weight": 3,
			"name": "minecraft:coal",
			"functions": [
			  {
				"function": "minecraft:set_count",
				"count": {
				  "min": 1,
				  "max": 8
				},
				"add": false
			  }
			]
		  },
		  {
			"type": "minecraft:item",
			"weight": 6,
			"name": "minecraft:powered_rail",
			"functions": [
			  {
				"function": "minecraft:set_count",
				"count": {
				  "min": 1,
				  "max": 15
				},
				"add": false
			  }
			]
		  },
		  {
			"type": "minecraft:item",
			"weight": 6,
			"name": "minecraft:rail",
			"functions": [
			  {
				"function": "minecraft:set_count",
				"count": {
				  "min": 6,
				  "max": 18
				},
				"add": false
			  }
			]
		  },
		  {
			"type": "minecraft:item",
			"weight": 6,
			"name": "minecraft:activator_rail",
			"functions": [
			  {
				"function": "minecraft:set_count",
				"count": {
				  "min": 1,
				  "max": 15
				},
				"add": false
			  }
			]
		  },
		  {
			"type": "minecraft:item",
			"weight": 5,
			"name": "minecraft:lantern",
			"functions": [
			  {
				"function": "minecraft:set_count",
				"count": {
				  "min": 1,
				  "max": 7
				},
				"add": false
			  }
			]
		  },
		  {
			"type": "minecraft:item",
			"weight": 3,
			"name": "minecraft:flint_and_steel",
			"functions": [
			  {
				"function": "minecraft:set_damage",
				"damage": {
				  "min": 0.5,
				  "max": 0.9
				},
				"add": false
			  }
			]
		  },
		  {
			"type": "minecraft:item",
			"weight": 3,
			"name": "minecraft:iron_pickaxe",
			"functions": [
			  {
				"function": "minecraft:enchant_with_levels",
				"levels": 50
			  },
			  {
				"function": "minecraft:set_damage",
				"damage": {
				  "min": 0.5,
				  "max": 0.8
				},
				"add": false
			  }
			]
		  },
		  {
			"type": "minecraft:item",
			"weight": 2,
			"name": "minecraft:diamond_pickaxe",
			"functions": [
			  {
				"function": "minecraft:enchant_with_levels",
				"levels": 20
			  },
			  {
				"function": "minecraft:set_damage",
				"damage": {
				  "min": 0.1,
				  "max": 0.2
				},
				"add": false
			  }
			]
		  },
		  {
			"type": "minecraft:item",
			"weight": 2,
			"name": "minecraft:iron_shovel",
			"functions": [
			  {
				"function": "minecraft:enchant_with_levels",
				"levels": 50
			  },
			  {
				"function": "minecraft:set_damage",
				"damage": {
				  "min": 0.5,
				  "max": 0.8
				},
				"add": false
			  }
			]
		  },
		  {
			"type": "minecraft:item",
			"weight": 3,
			"name": "minecraft:compass"
		  },
		  {
			"type": "minecraft:item",
			"weight": 5,
			"name": "minecraft:iron_chain",
			"functions": [
			  {
				"function": "minecraft:set_count",
				"count": {
				  "min": 3,
				  "max": 7
				},
				"add": false
			  }
			]
		  },
		  {
			"type": "minecraft:item",
			"weight": 6,
			"name": "minecraft:candle",
			"functions": [
			  {
				"function": "minecraft:set_count",
				"count": {
				  "min": 2,
				  "max": 10
				},
				"add": false
			  }
			]
		  },
		  {
			"type": "minecraft:item",
			"weight": 4,
			"name": "minecraft:cobblestone",
			"functions": [
			  {
				"function": "minecraft:set_count",
				"count": {
				  "min": 3,
				  "max": 13
				},
				"add": false
			  }
			]
		  },
		  {
			"type": "minecraft:item",
			"weight": 5,
			"name": "minecraft:redstone_lamp",
			"functions": [
			  {
				"function": "minecraft:set_count",
				"count": {
				  "min": 2,
				  "max": 6
				},
				"add": false
			  }
			]
		  }
		]
	  }
	],
	"random_sequence": "hopo:chests/mineshaft/minecart/connector"
  }