{
    "pools": [
        {
            "rolls": {
                "min": 4,
                "max": 6
            },
            "entries": [
                {
                    "type": "minecraft:loot_table",
                    "weight": 5,
                    "value": "hopo:chests/mineshaft/abandoned_miners_stuff"
                },
                {
                    "type": "minecraft:item",
                    "weight": 3,
                    "name": "minecraft:emerald_block",
                    "functions": [
                        {
                            "function": "minecraft:set_count",
                            "count": {
                                "min": 0,
                                "max": 1
                            },
                            "add": false
                        }
                    ]
                },
                {
                    "type": "minecraft:item",
                    "weight": 15,
                    "name": "minecraft:emerald_ore",
                    "functions": [
                        {
                            "function": "minecraft:set_count",
                            "count": {
                                "min": 1,
                                "max": 2
                            },
                            "add": false
                        }
                    ]
                },
                {
                    "type": "minecraft:item",
                    "weight": 17,
                    "name": "minecraft:emerald",
                    "functions": [
                        {
                            "function": "minecraft:set_count",
                            "count": {
                                "min": 1,
                                "max": 10
                            },
                            "add": false
                        }
                    ]
                }
            ]
        }
    ],
    "random_sequence": "hopo:chests/mineshaft/base/emerald"
}